{"stats":{"minecraft:used":{"minecraft:cherry_sapling":1,"minecraft:cherry_wood":138,"minecraft:cherry_door":8,"minecraft:light_gray_stained_glass_pane":2,"minecraft:bogged_spawn_egg":3,"minecraft:wind_charge":71,"minecraft:breeze_spawn_egg":8,"minecraft:cherry_slab":85,"minecraft:polished_deepslate_wall":8,"minecraft:quartz_block":9,"minecraft:cherry_trapdoor":41,"minecraft:cherry_planks":2,"minecraft:stripped_jungle_wood":15,"minecraft:smooth_quartz":67,"minecraft:pink_petals":1,"minecraft:stripped_mangrove_wood":3,"minecraft:cherry_stairs":52,"minecraft:stripped_crimson_hyphae":5,"minecraft:ominous_bottle":1,"minecraft:white_stained_glass_pane":34,"minecraft:crafter":1,"minecraft:glass_pane":18,"minecraft:camel_spawn_egg":2,"minecraft:lingering_potion":4,"minecraft:cherry_fence":106,"minecraft:cherry_log":91,"minecraft:bone_meal":5,"minecraft:trial_spawner":1},"minecraft:picked_up":{"minecraft:lingering_potion":3,"minecraft:crafter":1,"minecraft:oak_log":1,"minecraft:wheat_seeds":2,"minecraft:egg":1},"minecraft:custom":{"minecraft:time_since_rest":55128,"minecraft:sprint_one_cm":10137,"minecraft:walk_one_cm":180528,"minecraft:drop":21,"minecraft:interact_with_crafting_table":1,"minecraft:fly_one_cm":229397,"minecraft:play_time":55128,"minecraft:sneak_time":73,"minecraft:jump":134,"minecraft:leave_game":2,"minecraft:time_since_death":55128,"minecraft:total_world_time":55128,"minecraft:horse_one_cm":232},"minecraft:dropped":{"minecraft:wolf_armor":1,"minecraft:mace":1,"minecraft:wheat_seeds":2,"minecraft:ominous_bottle":1,"minecraft:oak_log":1,"minecraft:lingering_potion":7,"minecraft:crafter":2,"minecraft:bogged_spawn_egg":1,"minecraft:camel_spawn_egg":1,"minecraft:trial_spawner":1,"minecraft:glow_squid_spawn_egg":3,"minecraft:wind_charge":1,"minecraft:breeze_spawn_egg":1}},"DataVersion":3953}