{"stats":{"minecraft:picked_up":{"minecraft:feather":1,"minecraft:chicken":1,"minecraft:wolf_armor":1,"minecraft:turtle_egg":1,"minecraft:oak_log":1,"minecraft:bone":5,"minecraft:bow":1,"minecraft:wheat_seeds":11,"minecraft:redstone_torch":4,"minecraft:birch_sapling":2,"minecraft:egg":258,"minecraft:sculk_catalyst":1,"minecraft:oak_pressure_plate":1,"minecraft:porkchop":5,"minecraft:stone_button":8,"minecraft:redstone":38,"minecraft:command_block":1,"minecraft:arrow":2,"minecraft:rotten_flesh":1,"minecraft:lever":8},"minecraft:killed":{"minecraft:skeleton":1,"minecraft:zombie":2,"minecraft:chicken":1,"minecraft:warden":1},"minecraft:dropped":{"minecraft:lever":1,"minecraft:oak_log":1,"minecraft:command_block":1,"minecraft:turtle_egg":1,"minecraft:egg":11},"minecraft:used":{"minecraft:water_bucket":91,"minecraft:netherite_sword":33,"minecraft:heavy_core":12,"minecraft:armor_stand":1,"minecraft:redstone":271,"minecraft:lime_wool":30,"minecraft:oak_planks":30,"minecraft:mangrove_fence_gate":2,"minecraft:lime_concrete_powder":1,"minecraft:decorated_pot":3,"minecraft:stone":838,"minecraft:redstone_block":72,"minecraft:white_wool":10,"minecraft:soul_campfire":2,"minecraft:glow_item_frame":10,"minecraft:brewing_stand":1,"minecraft:birch_pressure_plate":5,"minecraft:crafting_table":4,"minecraft:cherry_pressure_plate":4,"minecraft:light_blue_wool":41,"minecraft:yellow_stained_glass_pane":5,"minecraft:orange_wool":8,"minecraft:ochre_froglight":7,"minecraft:painting":12,"minecraft:glow_lichen":7,"minecraft:endermite_spawn_egg":1,"minecraft:spruce_fence":48,"minecraft:obsidian":139,"minecraft:warden_spawn_egg":1,"minecraft:redstone_torch":10,"minecraft:oak_log":14,"minecraft:sticky_piston":101,"minecraft:piston":21,"minecraft:lever":20,"minecraft:flower_pot":1,"minecraft:light":152,"minecraft:mace":12,"minecraft:command_block":35,"minecraft:red_wool":112,"minecraft:lantern":4,"minecraft:grass_block":90,"minecraft:stone_button":15,"minecraft:brown_wool":2,"minecraft:slime_block":16,"minecraft:verdant_froglight":110,"minecraft:spawner":17,"minecraft:cherry_trapdoor":1,"minecraft:chicken_spawn_egg":136,"minecraft:dark_oak_slab":5,"minecraft:oak_pressure_plate":5,"minecraft:pink_wool":2,"minecraft:pink_stained_glass_pane":39,"minecraft:yellow_wool":20,"minecraft:soul_lantern":9,"minecraft:item_frame":9,"minecraft:diamond_sword":4,"minecraft:repeater":39,"minecraft:cherry_stairs":14,"minecraft:chain":6,"minecraft:polished_diorite_stairs":6,"minecraft:smooth_stone_slab":8,"minecraft:egg":1,"minecraft:stone_pressure_plate":2,"minecraft:stripped_oak_log":14,"minecraft:cherry_log":43,"minecraft:cherry_fence":4,"minecraft:observer":7,"minecraft:bamboo_planks":44,"minecraft:jukebox":3,"minecraft:purple_wool":2,"minecraft:birch_stairs":22,"minecraft:trial_spawner":282},"minecraft:custom":{"minecraft:mob_kills":6,"minecraft:interact_with_crafting_table":11,"minecraft:pot_flower":1,"minecraft:leave_game":5,"minecraft:time_since_death":78254,"minecraft:time_since_rest":78282,"minecraft:sprint_one_cm":356590,"minecraft:walk_one_cm":358312,"minecraft:drop":15,"minecraft:damage_dealt":5892,"minecraft:fly_one_cm":710630,"minecraft:crouch_one_cm":25382,"minecraft:play_time":203091,"minecraft:deaths":2,"minecraft:sneak_time":10816,"minecraft:jump":924,"minecraft:walk_on_water_one_cm":1054,"minecraft:total_world_time":203091,"minecraft:horse_one_cm":128}},"DataVersion":3953}