{"stats":{"minecraft:used":{"minecraft:warden_spawn_egg":1,"minecraft:oak_log":14,"minecraft:sticky_piston":77,"minecraft:piston":13,"minecraft:lever":6,"minecraft:netherite_sword":30,"minecraft:light":152,"minecraft:mace":12,"minecraft:heavy_core":12,"minecraft:slime_block":16,"minecraft:grass_block":8,"minecraft:redstone":93,"minecraft:stone_button":13,"minecraft:oak_planks":12,"minecraft:mangrove_fence_gate":2,"minecraft:chicken_spawn_egg":136,"minecraft:stone":468,"minecraft:redstone_block":61,"minecraft:repeater":11,"minecraft:crafting_table":2,"minecraft:egg":1,"minecraft:stripped_oak_log":14,"minecraft:painting":1,"minecraft:endermite_spawn_egg":1,"minecraft:cherry_log":43,"minecraft:trial_spawner":1},"minecraft:killed":{"minecraft:warden":1},"minecraft:dropped":{"minecraft:oak_log":1},"minecraft:picked_up":{"minecraft:sculk_catalyst":1,"minecraft:wolf_armor":1,"minecraft:porkchop":5,"minecraft:oak_log":1,"minecraft:stone_button":8,"minecraft:redstone":24,"minecraft:bone":3,"minecraft:arrow":1,"minecraft:wheat_seeds":11,"minecraft:lever":3,"minecraft:birch_sapling":1,"minecraft:egg":14},"minecraft:custom":{"minecraft:time_since_rest":57607,"minecraft:sprint_one_cm":128612,"minecraft:walk_one_cm":159101,"minecraft:mob_kills":1,"minecraft:drop":1,"minecraft:damage_dealt":5330,"minecraft:interact_with_crafting_table":9,"minecraft:fly_one_cm":342987,"minecraft:crouch_one_cm":8094,"minecraft:play_time":62433,"minecraft:deaths":1,"minecraft:sneak_time":3851,"minecraft:jump":373,"minecraft:leave_game":1,"minecraft:time_since_death":57580,"minecraft:total_world_time":62433,"minecraft:horse_one_cm":128}},"DataVersion":3953}